,sample0,sample1,sample10,sample100,sample101,sample102,sample103,sample104,sample105,sample106,sample107,sample108,sample109,sample11,sample110,sample111,sample112,sample113,sample114,sample115,sample116,sample117,sample118,sample119,sample12,sample120,sample121,sample122,sample123,sample124,sample125,sample126,sample127,sample128,sample129,sample13,sample130,sample131,sample132,sample133,sample134,sample135,sample136,sample137,sample138,sample139,sample14,sample140,sample141,sample142,sample143,sample144,sample145,sample147,sample148,sample149,sample15,sample151,sample153,sample154,sample155,sample156,sample157,sample158,sample159,sample160,sample161,sample162,sample163,sample164,sample165,sample166,sample167,sample168,sample169,sample17,sample170,sample171,sample172,sample173,sample174,sample175,sample176,sample177,sample178,sample179,sample18,sample180,sample182,sample183,sample184,sample185,sample186,sample187,sample188,sample189,sample19,sample190,sample191,sample192,sample193,sample194,sample195,sample196,sample197,sample198,sample199,sample2,sample20,sample200,sample201,sample202,sample203,sample204,sample206,sample207,sample208,sample209,sample21,sample210,sample212,sample213,sample214,sample215,sample216,sample217,sample218,sample219,sample22,sample220,sample221,sample222,sample223,sample224,sample225,sample226,sample227,sample228,sample229,sample23,sample230,sample231,sample232,sample233,sample234,sample235,sample236,sample237,sample238,sample239,sample24,sample240,sample241,sample242,sample243,sample244,sample245,sample246,sample247,sample248,sample249,sample25,sample250,sample251,sample252,sample253,sample254,sample255,sample256,sample257,sample258,sample259,sample260,sample261,sample262,sample263,sample264,sample265,sample266,sample267,sample268,sample269,sample27,sample270,sample271,sample272,sample273,sample274,sample275,sample276,sample277,sample278,sample279,sample28,sample281,sample282,sample283,sample284,sample285,sample286,sample288,sample289,sample29,sample290,sample291,sample292,sample293,sample294,sample295,sample296,sample297,sample298,sample299,sample3,sample30,sample301,sample302,sample303,sample304,sample305,sample307,sample308,sample309,sample31,sample310,sample311,sample312,sample313,sample314,sample315,sample316,sample317,sample318,sample319,sample32,sample320,sample321,sample322,sample323,sample324,sample325,sample326,sample327,sample328,sample329,sample33,sample330,sample331,sample332,sample334,sample335,sample336,sample337,sample338,sample339,sample34,sample340,sample341,sample342,sample343,sample344,sample345,sample346,sample347,sample348,sample349,sample35,sample350,sample351,sample352,sample353,sample354,sample355,sample356,sample357,sample358,sample359,sample36,sample360,sample361,sample362,sample363,sample364,sample365,sample366,sample368,sample369,sample37,sample370,sample371,sample372,sample373,sample374,sample375,sample377,sample378,sample379,sample38,sample380,sample381,sample382,sample383,sample384,sample39,sample4,sample40,sample41,sample42,sample44,sample45,sample46,sample47,sample48,sample49,sample5,sample50,sample51,sample52,sample53,sample54,sample55,sample56,sample57,sample58,sample59,sample60,sample61,sample62,sample64,sample65,sample66,sample67,sample68,sample69,sample7,sample70,sample71,sample72,sample74,sample75,sample76,sample77,sample78,sample79,sample8,sample80,sample81,sample82,sample83,sample84,sample85,sample86,sample87,sample88,sample89,sample9,sample90,sample91,sample92,sample93,sample94,sample95,sample96,sample97,sample98,sample99
DebugRVA,0,0,0,0,0,0,0,0,0,0,0,0,345888,0,0,0,0,0,0,53248,0,0,0,0,0,0,0,0,0,0,0,0,0,0,53248,0,0,333552,0,0,0,0,0,0,0,0,0,53248,0,0,0,0,0,53248,0,0,0,0,0,0,0,0,0,0,0,0,0,345888,0,0,0,0,0,0,0,0,0,0,0,0,53248,0,0,0,0,0,0,0,0,0,0,333552,0,0,0,345888,53248,0,0,0,0,53248,0,0,0,0,0,0,0,0,0,0,0,0,0,0,0,0,0,0,0,0,0,0,0,0,0,0,0,0,0,0,0,0,0,0,0,0,0,0,0,0,0,0,0,0,0,0,0,0,0,0,0,0,0,0,0,345888,0,0,345888,0,0,0,0,0,0,0,0,0,0,0,0,0,0,0,0,0,0,0,0,0,0,0,0,0,0,0,0,0,0,0,0,0,0,345888,0,0,0,0,0,0,0,0,0,0,0,0,0,0,0,0,0,0,0,0,0,0,0,0,345888,0,0,0,0,0,0,0,0,0,0,0,0,0,0,0,0,0,0,0,0,0,0,0,0,0,0,53248,0,345888,0,0,0,0,0,0,0,0,0,0,0,345888,0,0,0,329456,0,345888,0,0,0,0,0,0,0,0,53248,333552,0,0,0,0,0,0,0,0,0,0,0,0,0,0,0,0,0,0,0,0,0,345888,0,0,0,0,345888,0,0,0,0,0,0,0,0,0,0,0,0,0,0,0,0,0,0,0,0,0,0,0,0,0,0,0,0,345888,0,0,0,0,0,0,0,53248,0,0,0,0,0,0,345888,0,0,0,0,0,345888,0,0,0,0,0,0,0,0,0,333552,0
DebugSize,0,0,0,0,0,0,0,0,0,0,0,0,28,0,0,0,0,0,0,28,0,0,0,0,0,0,0,0,0,0,0,0,0,0,28,0,0,28,0,0,0,0,0,0,0,0,0,28,0,0,0,0,0,28,0,0,0,0,0,0,0,0,0,0,0,0,0,28,0,0,0,0,0,0,0,0,0,0,0,0,28,0,0,0,0,0,0,0,0,0,0,28,0,0,0,28,28,0,0,0,0,28,0,0,0,0,0,0,0,0,0,0,0,0,0,0,0,0,0,0,0,0,0,0,0,0,0,0,0,0,0,0,0,0,0,0,0,0,0,0,0,0,0,0,0,0,0,0,0,0,0,0,0,0,0,0,0,28,0,0,28,0,0,0,0,0,0,0,0,0,0,0,0,0,0,0,0,0,0,0,0,0,0,0,0,0,0,0,0,0,0,0,0,0,0,28,0,0,0,0,0,0,0,0,0,0,0,0,0,0,0,0,0,0,0,0,0,0,0,0,28,0,0,0,0,0,0,0,0,0,0,0,0,0,0,0,0,0,0,0,0,0,0,0,0,0,0,28,0,28,0,0,0,0,0,0,0,0,0,0,0,28,0,0,0,28,0,28,0,0,0,0,0,0,0,0,28,28,0,0,0,0,0,0,0,0,0,0,0,0,0,0,0,0,0,0,0,0,0,28,0,0,0,0,28,0,0,0,0,0,0,0,0,0,0,0,0,0,0,0,0,0,0,0,0,0,0,0,0,0,0,0,0,28,0,0,0,0,0,0,0,28,0,0,0,0,0,0,28,0,0,0,0,0,28,0,0,0,0,0,0,0,0,0,28,0
Dll,0,0,0,0,33024,0,0,0,0,0,0,0,0,0,0,0,0,0,0,320,0,0,0,0,0,0,0,0,0,0,0,0,0,33024,320,0,0,0,0,0,0,0,0,0,0,0,0,320,0,0,0,0,0,320,0,0,33024,0,0,0,0,0,0,0,0,33024,0,0,0,0,0,0,0,0,0,0,0,0,0,0,320,0,0,0,0,0,33024,0,0,0,0,0,0,0,0,0,320,0,0,0,0,320,0,0,0,0,0,0,0,0,0,0,0,0,0,0,0,0,0,0,0,0,0,0,0,0,0,0,0,0,0,0,0,0,0,0,0,0,0,33024,0,0,0,0,0,0,0,0,0,0,0,0,0,0,0,0,0,0,0,0,0,0,33024,0,0,0,0,0,0,0,0,0,0,0,0,0,0,0,0,0,0,33216,0,0,0,0,0,0,0,0,0,0,0,0,0,0,0,0,0,0,0,0,0,0,0,0,0,0,0,0,0,0,0,0,0,0,0,0,0,0,0,0,0,0,0,0,0,0,0,0,0,0,0,0,0,0,0,0,0,0,0,0,0,0,33216,0,0,320,0,0,0,0,0,0,0,0,0,0,0,0,0,0,0,0,0,0,0,0,0,0,0,0,0,0,33024,0,320,0,0,0,0,0,0,0,0,0,0,0,0,33024,0,0,0,0,0,0,0,0,0,0,0,0,0,0,0,0,0,0,0,0,0,0,0,0,0,0,0,0,0,33024,0,0,0,0,0,0,0,0,0,0,0,0,0,0,0,0,0,0,0,0,0,320,0,0,0,0,0,0,0,0,0,0,0,0,0,0,0,0,0,0,0,0,0,0,0,0
ExportRVA,0,0,0,0,0,0,0,0,0,0,0,0,0,0,0,0,0,0,0,0,0,0,0,0,0,0,0,0,0,0,0,0,0,0,0,0,0,0,0,0,0,0,0,0,0,0,0,0,0,0,0,0,0,0,0,0,0,0,0,0,0,0,0,0,0,0,0,0,0,0,0,0,0,0,0,0,0,0,0,0,0,0,0,0,0,0,0,0,0,0,0,0,0,0,0,0,0,0,0,0,0,0,0,0,0,0,0,0,0,0,0,0,0,0,0,0,0,0,0,0,0,0,0,0,0,0,0,0,0,0,0,0,0,0,0,4147576991,0,0,0,0,0,0,0,0,0,0,0,0,0,0,0,0,0,0,0,0,0,0,0,0,0,0,0,0,4147576991,0,0,0,0,0,0,0,0,0,0,0,0,0,0,0,0,0,0,0,0,0,0,0,0,0,0,0,0,0,0,0,0,0,0,0,0,0,0,0,0,0,0,0,0,0,0,0,0,0,0,0,0,0,0,0,0,0,0,0,0,0,0,0,0,0,0,0,0,0,0,0,0,0,0,0,0,0,0,0,0,0,0,0,0,0,0,0,0,0,0,0,0,0,0,0,0,0,0,0,0,0,0,0,0,0,0,0,0,0,0,0,0,0,0,0,0,0,0,0,0,0,0,0,0,0,0,0,0,0,0,0,0,0,0,0,0,0,0,0,0,0,0,0,0,0,0,0,0,0,0,0,0,0,0,0,0,0,0,0,0,0,0,0,0,0,0,0,0,0,0,0,0,0,0,0,0,0,0,0,0,0,0,0,0,0,0,0,0,0,0,0,0,0,0,0,0,0,0,0,0,0
ExportSize,0,0,0,0,0,0,0,0,0,0,0,0,0,0,0,0,0,0,0,0,0,0,0,0,0,0,0,0,0,0,0,0,0,0,0,0,0,0,0,0,0,0,0,0,0,0,0,0,0,0,0,0,0,0,0,0,0,0,0,0,0,0,0,0,0,0,0,0,0,0,0,0,0,0,0,0,0,0,0,0,0,0,0,0,0,0,0,0,0,0,0,0,0,0,0,0,0,0,0,0,0,0,0,0,0,0,0,0,0,0,0,0,0,0,0,0,0,0,0,0,0,0,0,0,0,0,0,0,0,0,0,0,0,0,0,0,0,0,0,0,0,0,0,0,0,0,0,0,0,0,0,0,0,0,0,0,0,0,0,0,0,0,0,0,0,0,0,0,0,0,0,0,0,0,0,0,0,0,0,0,0,0,0,0,0,0,0,0,0,0,0,0,0,0,0,0,0,0,0,0,0,0,0,0,0,0,0,0,0,0,0,0,0,0,0,0,0,0,0,0,0,0,0,0,0,0,0,0,0,0,0,0,0,0,0,0,0,0,0,0,0,0,0,0,0,0,0,0,0,0,0,0,0,0,0,0,0,0,0,0,0,0,0,0,0,0,0,0,0,0,0,0,0,0,0,0,0,0,0,0,0,0,0,0,0,0,0,0,0,0,0,0,0,0,0,0,0,0,0,0,0,0,0,0,0,0,0,0,0,0,0,0,0,0,0,0,0,0,0,0,0,0,0,0,0,0,0,0,0,0,0,0,0,0,0,0,0,0,0,0,0,0,0,0,0,0,0,0,0,0,0,0,0,0,0,0,0,0,0,0,0,0,0,0,0,0
IATRVA,20480,0,0,0,12288,16384,0,0,0,0,0,0,344064,20480,20480,0,20480,0,20480,49820,88872,20480,0,20480,0,16384,20480,16384,0,0,0,20480,0,12288,49820,20480,0,331776,0,0,88872,0,0,0,0,20480,0,49820,20480,88872,0,20480,20480,49820,20480,20480,12288,0,0,0,0,20480,20480,0,0,12288,88872,344064,0,16384,20480,20480,0,20480,0,0,20480,20480,0,0,49820,20480,0,20480,20480,0,12288,88872,0,0,20480,331776,0,0,20480,344064,49820,0,20480,20480,20480,49820,0,0,0,0,88872,0,20480,20480,0,0,20480,16384,20480,0,16384,20480,0,20480,88872,20480,16384,20480,16384,4096,0,0,0,20480,20480,0,88872,20480,20480,20480,0,0,0,12288,0,0,0,0,20480,49152,0,20480,16384,16384,20480,0,0,0,0,20480,0,344064,0,20480,344064,0,12288,20480,20480,0,20480,0,0,20480,0,20480,0,0,0,20480,28672,20480,0,0,0,0,20480,0,0,0,20480,20480,20480,20480,0,0,20480,0,0,344064,0,0,0,0,20480,0,0,0,16384,0,0,20480,0,0,28672,20480,0,0,0,0,20480,20480,0,0,344064,20480,0,0,0,20480,0,20480,20480,20480,0,0,20480,0,20480,0,0,0,20480,20480,0,0,0,0,0,20480,20480,49820,0,344064,20480,20480,0,20480,0,0,0,0,0,0,0,344064,20480,0,0,327680,0,344064,0,20480,0,20480,20480,0,12288,0,49820,331776,20480,0,20480,0,0,20480,0,0,0,0,20480,12288,0,20480,0,0,16384,20480,20480,0,16384,344064,0,0,88872,0,344064,0,0,0,20480,16384,20480,0,20480,20480,20480,0,0,20480,0,12288,20480,20480,0,0,20480,20480,0,20480,0,20480,0,0,0,344064,16384,20480,20480,0,20480,0,28672,49820,0,20480,0,0,20480,20480,344064,16384,0,0,0,0,344064,0,16384,0,20480,0,0,0,12288,88872,331776,0
ImageVersion,5,4,4,0,0,5,5,5,5,5,5,5,0,5,4,5,4,4,5,0,0,5,4,0,0,4,4,5,4,5,5,0,5,0,0,5,4,0,5,0,0,4,5,4,5,5,0,0,5,0,5,4,5,0,4,5,0,4,4,5,4,5,5,5,0,0,0,0,0,0,5,5,5,0,5,0,5,5,5,5,0,5,4,5,4,4,0,0,5,5,5,0,5,4,5,0,0,0,5,4,0,0,5,5,0,4,0,5,4,5,4,5,4,4,5,4,4,5,5,0,0,5,4,0,5,1,5,5,5,5,4,5,0,0,0,4,5,0,5,0,5,5,4,4,0,0,5,5,5,5,4,5,5,5,0,0,4,0,5,5,0,4,0,4,4,4,5,5,5,5,4,5,4,4,5,4,0,0,0,5,0,6,0,5,0,4,5,5,4,0,5,5,4,4,4,0,5,4,5,5,4,5,5,4,5,5,4,0,4,5,0,0,5,5,4,4,4,5,4,5,0,0,5,4,4,5,4,4,0,4,0,5,5,5,5,0,5,0,4,4,0,0,5,5,6,5,5,0,4,0,4,5,5,4,5,4,5,4,5,5,5,0,5,4,5,0,4,0,5,4,5,5,0,4,0,5,0,0,0,4,5,5,5,5,4,5,0,0,4,0,5,4,4,4,0,5,0,4,0,0,5,5,0,4,0,5,5,0,0,0,5,4,4,0,4,5,0,4,0,0,4,0,5,0,0,0,5,4,5,0,0,4,5,0,5,0,4,4,5,0,0,0,4,0,5,5,4,5,0,5,5,0,4,4,0,5,5,0,0,5,4,5,0,0,0,5
LinkerVersion,2,5,2,6,10,7,2,7,5,2,2,2,7,6,7,7,4,4,7,14,2,5,4,7,5,6,7,7,4,5,2,7,5,10,14,7,7,7,7,7,2,7,2,7,7,5,5,14,7,2,2,5,7,14,7,0,10,0,4,4,0,5,5,7,2,10,2,7,6,6,0,5,7,6,2,4,5,7,7,7,14,0,7,7,4,6,10,2,6,6,7,7,6,7,6,7,14,6,6,7,7,14,2,7,6,7,2,2,6,5,0,7,4,5,6,2,6,5,7,4,2,6,5,4,7,6,6,7,2,5,7,0,2,4,4,0,6,7,2,10,2,5,7,5,6,6,7,0,7,7,4,0,4,6,5,6,2,7,2,6,7,2,10,7,0,0,0,5,7,5,0,2,6,7,7,7,6,4,5,7,2,9,4,6,4,5,2,7,0,7,2,7,7,5,0,7,7,0,2,7,7,7,7,7,4,5,0,5,5,7,6,6,7,7,7,7,7,6,0,2,7,7,2,0,6,7,0,7,7,7,6,5,7,6,7,6,7,6,2,7,2,5,7,4,9,5,2,14,0,7,6,7,2,4,7,7,7,2,6,2,2,7,7,4,7,7,5,7,7,0,6,7,7,7,10,7,14,7,7,4,7,6,2,7,2,7,5,2,2,10,5,4,4,2,4,5,4,4,4,7,7,7,2,0,7,7,6,7,4,4,7,7,7,6,5,2,6,6,7,10,4,7,7,5,6,4,7,6,4,5,5,7,2,7,7,7,7,4,7,7,6,14,7,4,7,5,0,7,7,7,6,6,7,7,7,7,7,6,6,7,7,7,6,2,7,6
NumberOfSections,4,3,3,3,4,4,3,3,3,3,3,3,4,4,4,3,4,3,4,8,4,4,3,4,3,4,4,4,3,3,3,4,3,4,8,4,3,4,3,3,4,3,3,3,3,4,3,8,4,4,3,4,4,8,4,4,4,3,3,3,3,4,4,3,8,4,4,4,5,4,4,4,3,4,3,3,4,4,3,3,8,4,3,4,4,3,4,4,3,3,4,4,3,3,4,4,8,3,4,4,4,8,3,3,3,3,4,3,4,4,3,3,4,4,4,3,4,4,3,4,4,4,4,4,4,3,3,3,3,4,4,3,4,4,4,4,3,3,3,4,3,3,3,3,4,5,3,4,4,4,4,3,3,3,3,4,3,4,3,4,4,3,4,4,4,3,4,3,3,4,3,4,3,3,3,4,4,4,3,3,3,3,4,3,3,3,4,4,4,4,3,3,4,3,3,4,3,3,3,3,4,3,3,3,4,3,3,4,3,3,4,4,3,3,3,3,4,4,3,3,4,4,3,3,3,4,3,4,4,4,3,3,4,3,4,3,3,3,4,4,3,3,3,3,3,4,4,8,3,4,4,4,3,4,3,3,3,3,3,3,3,4,4,3,3,4,3,4,3,4,3,4,4,3,4,3,8,4,4,3,4,3,3,4,3,3,3,3,4,4,3,4,3,3,4,4,4,3,4,4,3,3,4,3,4,3,3,3,4,4,4,3,4,4,4,3,4,4,3,4,4,4,3,3,4,4,3,4,3,4,3,3,3,4,4,4,4,3,4,3,4,8,3,4,3,3,4,4,4,4,3,3,3,3,4,3,4,3,4,3,3,3,3,4,4,3
OSVersion,4,4,4,4,5,4,4,4,4,4,4,4,4,4,4,4,4,4,4,6,4,4,4,4,4,4,4,4,4,4,4,4,4,5,6,4,4,4,4,4,4,4,4,4,4,4,4,6,4,4,4,4,4,6,4,4,5,4,4,4,4,4,4,4,4,5,4,4,4,4,4,4,4,4,4,4,4,4,4,4,6,4,4,4,4,4,5,4,4,4,4,4,4,4,4,4,6,4,4,4,4,6,4,4,4,4,4,4,4,4,4,4,4,4,4,4,4,4,4,4,4,4,4,4,4,4,4,4,4,4,4,4,4,4,4,4,4,4,4,5,4,4,4,4,4,4,4,4,4,4,4,4,4,4,4,4,4,4,4,4,4,4,5,4,4,4,4,4,4,4,4,4,4,4,4,4,4,4,4,4,4,4,4,4,4,4,4,4,4,4,4,4,4,4,4,4,4,4,4,4,4,4,4,4,4,4,4,4,4,4,4,4,4,4,4,4,4,4,4,4,4,4,4,4,4,4,4,4,4,4,4,4,4,4,4,4,4,4,4,4,4,4,4,4,4,4,4,6,4,4,4,4,4,4,4,4,4,4,4,4,4,4,4,4,4,4,4,4,4,4,4,4,4,4,5,4,6,4,4,4,4,4,4,4,4,4,4,4,4,5,4,4,4,4,4,4,4,4,4,4,4,4,4,4,4,4,4,4,4,4,4,4,4,4,4,4,4,4,4,5,4,4,4,4,4,4,4,4,4,4,4,4,4,4,4,4,4,4,4,4,4,6,4,4,4,4,4,4,4,4,4,4,4,4,4,4,4,4,4,4,4,4,4,4,4,4
ResSize,0,0,0,0,195128,0,0,0,0,0,0,0,877720,0,0,0,0,0,0,180948,0,0,0,0,0,0,0,0,0,0,0,0,0,195128,180948,0,0,627336,0,0,0,0,0,0,0,0,0,180948,0,0,0,0,0,180948,0,0,195128,0,0,0,0,0,0,0,324372,195128,0,877720,12640,1216,0,0,0,0,0,0,0,0,0,0,180948,0,0,0,0,0,195128,0,0,0,0,627336,0,0,0,877720,180948,0,0,0,0,180948,0,0,0,0,0,0,0,0,0,0,0,0,0,0,0,0,0,0,0,0,0,0,0,150412,0,0,0,0,0,0,0,0,0,0,0,0,0,195128,0,0,0,0,0,57288,0,0,0,0,0,0,0,0,0,0,0,877720,0,0,877720,0,195128,0,0,0,0,0,0,0,0,0,0,0,0,0,19144,0,0,0,0,21708,0,0,0,0,0,0,0,0,0,0,0,0,0,877720,0,0,0,0,0,0,0,0,0,0,0,0,0,0,19144,0,0,0,0,0,0,0,0,0,877720,0,0,0,0,0,0,0,0,0,0,0,0,0,0,0,0,0,0,0,0,0,0,0,21708,0,0,180948,0,877720,0,0,0,0,0,0,0,0,0,0,0,877720,0,0,0,879944,0,877720,0,0,0,0,0,0,195128,0,180948,627336,0,0,0,0,0,0,0,0,0,0,0,195128,0,0,0,0,0,0,0,0,0,877720,0,0,0,0,877720,0,0,0,0,0,0,0,0,0,0,0,0,0,0,195128,0,0,0,0,0,0,0,0,0,0,0,0,0,877720,0,0,0,0,0,0,0,180948,0,0,0,0,0,0,877720,0,0,0,0,0,877720,0,0,0,0,0,0,0,0,0,627336,0
StackReserveSize,1048576,1048576,1048576,1048576,1048576,1048576,1048576,1048576,1048576,1048576,1048576,1048576,1048576,1048576,1048576,1048576,1048576,1048576,1048576,1048576,1048576,1048576,1048576,1048576,1048576,1048576,1048576,1048576,1048576,1048576,1048576,1048576,1048576,1048576,1048576,1048576,1048576,1048576,1048576,1048576,1048576,1048576,1048576,1048576,1048576,1048576,1048576,1048576,1048576,1048576,1048576,1048576,1048576,1048576,1048576,1048576,1048576,1048576,1048576,1048576,1048576,1048576,1048576,1048576,1048576,1048576,1048576,1048576,1048576,1048576,1048576,1048576,1048576,1048576,1048576,1048576,1048576,1048576,1048576,1048576,1048576,1048576,1048576,1048576,1048576,1048576,1048576,1048576,1048576,1048576,1048576,1048576,1048576,1048576,1048576,1048576,1048576,1048576,1048576,1048576,1048576,1048576,1048576,1048576,1048576,1048576,1048576,1048576,1048576,1048576,1048576,1048576,1048576,1048576,1048576,1048576,1048576,1048576,1048576,1048576,1048576,1048576,1048576,1048576,1048576,1048576,1048576,1048576,1048576,1048576,1048576,1048576,1048576,1048576,1048576,1048576,1048576,1048576,1048576,1048576,1048576,1048576,1048576,1048576,1048576,1048576,1048576,1048576,1048576,1048576,1048576,1048576,1048576,1048576,1048576,1048576,1048576,1048576,1048576,1048576,1048576,1048576,1048576,1048576,1048576,1048576,1048576,1048576,1048576,1048576,1048576,1048576,1048576,1048576,1048576,1048576,1048576,1048576,1048576,1048576,1048576,262144,1048576,1048576,1048576,1048576,1048576,1048576,1048576,1048576,1048576,1048576,1048576,1048576,1048576,1048576,1048576,1048576,1048576,1048576,1048576,1048576,1048576,1048576,1048576,1048576,1048576,1048576,1048576,1048576,1048576,1048576,1048576,1048576,1048576,1048576,1048576,1048576,1048576,1048576,1048576,1048576,1048576,1048576,1048576,1048576,1048576,1048576,1048576,1048576,1048576,1048576,1048576,1048576,1048576,1048576,1048576,1048576,1048576,1048576,1048576,1048576,1048576,1048576,262144,1048576,1048576,1048576,1048576,1048576,1048576,1048576,1048576,1048576,1048576,1048576,1048576,1048576,1048576,1048576,1048576,1048576,1048576,1048576,1048576,1048576,1048576,1048576,1048576,1048576,1048576,1048576,1048576,1048576,1048576,1048576,1048576,1048576,1048576,1048576,1048576,1048576,1048576,1048576,1048576,1048576,1048576,1048576,1048576,1048576,1048576,1048576,1048576,1048576,1048576,1048576,1048576,1048576,1048576,1048576,1048576,1048576,1048576,1048576,1048576,1048576,1048576,1048576,1048576,1048576,1048576,1048576,1048576,1048576,1048576,1048576,1048576,1048576,1048576,1048576,1048576,1048576,1048576,1048576,1048576,1048576,1048576,1048576,1048576,1048576,1048576,1048576,1048576,1048576,1048576,1048576,1048576,1048576,1048576,1048576,1048576,1048576,1048576,1048576,1048576,1048576,1048576,1048576,1048576,1048576,1048576,1048576,1048576,1048576,1048576,1048576,1048576,1048576,1048576,1048576,1048576,1048576,1048576,1048576,1048576,1048576
filename,samples/zippedMalware/9038255c979ce757fc2ad3ac63bca6ba,samples/zippedMalware/f8003442cb9d2674a2d5ae956bef6746,samples/zippedMalware/a8cc209e8e27944c546f1013419fe88d,samples/zippedMalware/de80119e186e7acc50ef392a14a53dda,samples/zippedMalware/e9decd6b-d1f2-11e6-b7e9-80e65024849a.file,samples/zippedMalware/ce914b5efc34c66a6bf7af98a53eed04,samples/zippedMalware/9dd3e4f68937da1effbaa43b3c9eb1ef,samples/zippedMalware/ade4caeb76159fab1366186a06c6919f,samples/zippedMalware/798dd12f3a62fcf4360d5eaf637d7a0a,samples/zippedMalware/092181cf7941c0199134841bfea01d7b,samples/zippedMalware/fef0eca8cedfe8ef15e0e0d334493e5e,samples/zippedMalware/8b433dc7d4a8d733b62f58bb624a6762,samples/zippedMalware/a2e885f5-d63e-11e6-b62a-80e65024849a.file,samples/zippedMalware/c61c9e6c7b74fd4bae0927f8b3b67a8f,samples/zippedMalware/cc7eee7d185e2a212e4d8262073cc7f7,samples/zippedMalware/a5856862008fe194200c43ed65fa27ff,samples/zippedMalware/c7cb9678e7661a2597606680fd7512de,samples/zippedMalware/f3f8bb06e0035d034fd20e88c7268abc,samples/zippedMalware/f63191aa6f533e10d75abb87af8553ef,samples/zippedMalware/8a61f2eb-d521-11e6-986c-80e65024849a.file,samples/zippedMalware/f4ef9b1c-db13-11e6-a66d-80e65024849a.file,samples/zippedMalware/522c7c7ac4bafcfa5862bc782b020cff,samples/zippedMalware/e932d80985dfd1992edb9b67157d7db4,samples/zippedMalware/a6e6c00c2f1bafcd514d51ecababa2d7,samples/zippedMalware/f07515494525b9e6a89365d68cd596a9,samples/zippedMalware/c6a36cac2913721e310d920640990f01,samples/zippedMalware/56885425f2b90b425c9c02834ceb59f8,samples/zippedMalware/f432a05341ff94f059c454f98bbd0e9b,samples/zippedMalware/98532509752b3a2a1b408417848fdfb7,samples/zippedMalware/153513a47b0ea01b91322571fee214aa,samples/zippedMalware/79af26fa77fda05f1537ceb55a07813a,samples/zippedMalware/89124fbcf14e9d50ad879b274e8af273,samples/zippedMalware/e1e2ccf2c05e3451a76555e56c40f6ef,samples/zippedMalware/dabe75ee-d84b-11e6-9900-80e65024849a.file,samples/zippedMalware/f56c1cf3-e60e-11e6-b1ca-80e65024849a.file,samples/zippedMalware/22b3050657b77fe7e121ffc24fe989aa,samples/zippedMalware/67a73ae1a530ec9299c50eda02331e0c,samples/zippedMalware/ec7f622b-e60e-11e6-bb40-80e65024849a.file,samples/zippedMalware/a6444b424123a3e11deb488696a4111a,samples/zippedMalware/0a2ce0517f8cb1048f56941e39890f4f,samples/zippedMalware/eccfd1e8-dcda-11e6-8773-80e65024849a.file,samples/zippedMalware/60c96ac19256c49a9071345b3f9a0e0d,samples/zippedMalware/75462fc5e6b70b48ba8153e62cfe7f7d,samples/zippedMalware/0345a33762422a38a1c849bc43b6efd4,samples/zippedMalware/91825a730b6f7d51708efde2b46d58fa,samples/zippedMalware/22a13f4995f196e83a32e0b67f41fb7b,samples/zippedMalware/1cacc41bd5336b11330df2c435c8053a,samples/zippedMalware/fc8654ae-dd4f-11e6-a2bc-80e65024849a.file,samples/zippedMalware/06bd93c3560ef9849fb5566e719417bf,samples/zippedMalware/fbddb985-d262-11e6-82aa-80e65024849a.file,samples/zippedMalware/45ed9ed5ba00a1a9ff8dd83b2e4edcc0,samples/zippedMalware/422f88f237bbf526c03ea497778ecb56,samples/zippedMalware/143614f0b7cfb8f251bd406e58a1f7f4,samples/zippedMalware/eb2cb959-cf3a-11e6-88b5-80e65024849a.file,samples/zippedMalware/26937ae295b7ee20cde618c2cf2eaeca,samples/zippedMalware/5ed0e83e83620a302939bb81ed3d540a,samples/zippedMalware/9d691594-d521-11e6-9266-80e65024849a.file,samples/zippedMalware/7fca52c22d185edbb9e5c784c614a9a5,samples/zippedMalware/89c3e35dce2a7b8b78d0fb03c7e523de,samples/zippedMalware/16fab065726805d3f226ad8c3d9dea94,samples/zippedMalware/abad47f2044f38a6a9979d9da919a5c9,samples/zippedMalware/b5b0a28089870c87abffb625e1ad2f83,samples/zippedMalware/4011b89a9f2e1b89a34f61b38052eef3,samples/zippedMalware/a85565bc81f3338d735cc73ef3de7a9b,samples/zippedMalware/794d00f3d6201421cd82d4a59a6779d2,samples/zippedMalware/f7fc8085-d262-11e6-9c0c-80e65024849a.file,samples/zippedMalware/eabfaee6-cf3a-11e6-94ad-80e65024849a.file,samples/zippedMalware/f3bb6345-dd4f-11e6-9d17-80e65024849a.file,samples/zippedMalware/254fda90d31172cb7b66775dee7e7974,samples/zippedMalware/345004633174388211c2475cedb6de9a,samples/zippedMalware/8bc29a27bc9b961974a97fa49ea95193,samples/zippedMalware/1632f8e70cce8583b46a72a51db3068e,samples/zippedMalware/c49ea2fadc1e9d8b13725c37a5d35d62,samples/zippedMalware/77ff8bb38d650dfb787590bc5177c0d4,samples/zippedMalware/9f5bd959c3e60aa4f06de42fe4e61293,samples/zippedMalware/ce0d8a431640e64262657a63b6cb97de,samples/zippedMalware/8495fc222905dee21c97f8ba4e7695f4,samples/zippedMalware/070158033aeb44502529174a5c01b7c5,samples/zippedMalware/2114dedd415b037049b46fa59df36233,samples/zippedMalware/0aa7d3b3e3c839e3d4acb6be8c548c44,samples/zippedMalware/a825bfdc-d63e-11e6-bb36-80e65024849a.file,samples/zippedMalware/c08141b7e8e88b0ef7db8bf4084ab951,samples/zippedMalware/746413976f56dbf34ec18dc044c7ecea,samples/zippedMalware/706f69a91acf87ef094a3f20e056f9d0,samples/zippedMalware/86d12efe1974c9b23773601ddc077ada,samples/zippedMalware/666fe7bc1975f713eebee8f91d163750,samples/zippedMalware/eaa153d1-db13-11e6-8280-80e65024849a.file,samples/zippedMalware/f4ef386b-e60e-11e6-82dd-80e65024849a.file,samples/zippedMalware/757926c4cce631c4beb7ce6fe8ebd8e2,samples/zippedMalware/bfbc559af94d6405ccfe2b11a9328a9c,samples/zippedMalware/3601f0e561d42591694166b3849b3c5a,samples/zippedMalware/ad520eca-db13-11e6-92c2-80e65024849a.file,samples/zippedMalware/e1148d30f292f8db1f3c38c5e4437628,samples/zippedMalware/9cb028ecde0a81ab5b4a127f0f80d285,samples/zippedMalware/9d93d5811c98e59256a440f04a2e934b,samples/zippedMalware/a807e32e-dd50-11e6-a4c3-80e65024849a.file,samples/zippedMalware/edbc8d28-dcda-11e6-bf98-80e65024849a.file,samples/zippedMalware/2f34f1639fade223c0ac4ab6806b0312,samples/zippedMalware/8575722a4c53182565e191b7aae9c560,samples/zippedMalware/2a0227b4cdfc519e92594267585edd8b,samples/zippedMalware/aa3b4da812359947f009cb3d7933bcf2,samples/zippedMalware/f5780ea3-db13-11e6-be80-80e65024849a.file,samples/zippedMalware/dfc4b5f3559ffbccaf7d003fbf5577f4,samples/zippedMalware/b06911c9f4715ec9db9869892ff4898f,samples/zippedMalware/bf654d41bc86ac0f2ac9458c3d37c011,samples/zippedMalware/b61dbcfc29b18f9aab80ac7442b73098,samples/zippedMalware/e3927b51-d84b-11e6-9987-80e65024849a.file,samples/zippedMalware/e7e973ea7cd27ca6556f632ea0c0e5d7,samples/zippedMalware/c55a268fe9a39ae49ed8c14ccc002ca0,samples/zippedMalware/1a07f64eee7fe8309dc96ddfb7e3a1d9,samples/zippedMalware/0999db84e16adf64c15a7b8039484b33,samples/zippedMalware/200768f6f05130bbcabe535b81875420,samples/zippedMalware/e300885c904fd7dce28670387648a023,samples/zippedMalware/db1fbb477af6c9705317a220140bdd89,samples/zippedMalware/1610f046226c53689715efe6186887f3,samples/zippedMalware/c99ccec3e34b01eaed08c5b75f16b2f2,samples/zippedMalware/6cd13f7035506de1b87592d72b65fa41,samples/zippedMalware/1d35e2d8d7cfd77ceac6631dd6cbbc9c,samples/zippedMalware/3443e1ec1d57211dda11a7f2c9fd3566,samples/zippedMalware/076de0d5a5bf1a372d0eea656a1588a9,samples/zippedMalware/edde5dc5-d1f2-11e6-bc1d-80e65024849a.file,samples/zippedMalware/c49da4b37663240c1bec7a4e86a9abef,samples/zippedMalware/687c915e45d20ddac645f8d578a9e047,samples/zippedMalware/bb8197393f1c288ce0f1a75de9de6f84,samples/zippedMalware/060315da83a6e37b04265c2777778a02,samples/zippedMalware/f9a878bae6f2014047272e31ddf26754,samples/zippedMalware/cedf21e0393a3ba66805fcb9e0d73379,samples/zippedMalware/fe9d855f370226248865256e4d0f8aa1,samples/zippedMalware/d7a433f1c4fbd7b38bebdc6f67fa5687,samples/zippedMalware/ded0c627a67159dfa6b38f5c121c9d8b,samples/zippedMalware/c3b57c340af006a66a66b63d7f582d84,samples/zippedMalware/cc7c61c987f055ab84a9aa1d69e27b63,samples/zippedMalware/89e61bb8-d521-11e6-a17c-80e65024849a.file,samples/zippedMalware/fdc2b7bf1071bc881a9bea7dcfbc77b9,samples/zippedMalware/67daf3dab9211b215ba95fccdce7c1c7,samples/zippedMalware/9ddc0508e2873db8eb5958b4c04ee7e3,samples/zippedMalware/7cb9c0da84cdb9d0b50bbce4255bc21d,samples/zippedMalware/f1c0bf2a7d883911bfb14e502600c1f1,samples/zippedMalware/16afc734547565241b8c2dce53aebd32,samples/zippedMalware/feae2930-cf3a-11e6-8bd6-80e65024849a.file,samples/zippedMalware/3d9ea5f8e1b42c899b473f8d4d44bd61,samples/zippedMalware/1c2e9c62e2ad82180c86ad32d0b556e9,samples/zippedMalware/effc4d22a066fcea919f392112762e14,samples/zippedMalware/12c0858b926d37e52b9794c4a7781faa,samples/zippedMalware/94f435d223ea469d3a70cfee23797cb9,samples/zippedMalware/4662a802-cf3b-11e6-ac42-80e65024849a.file,samples/zippedMalware/ca86313ac11c088327dd0ff08e9107ad,samples/zippedMalware/30d33823533326254b6834727408d434,samples/zippedMalware/96d9bd1457b43afdf74ea8a292e2055b,samples/zippedMalware/3219b023563602cc4557309ab656c825,samples/zippedMalware/d1a55476c1a1786f5787421e47e6fe46,samples/zippedMalware/9a9f93c4d2578a7be360bdd9b3670819,samples/zippedMalware/5d8cfc6bdf137c263a799518c172a542,samples/zippedMalware/e9213e79bd11207ed6a074c037209206,samples/zippedMalware/25be0557ff7085c2696024c14dc703a2,samples/zippedMalware/e6dce5864be64332b7197d282bb953f2,samples/zippedMalware/25dba348b1f07dceaa5b55955d031d19,samples/zippedMalware/dcf0853d-d84b-11e6-9629-80e65024849a.file,samples/zippedMalware/ae469bed30c28f74ae4a7f699bd832fc,samples/zippedMalware/6a974b5ec9d400e3d5939a7fbf873185,samples/zippedMalware/f0d24d54-db13-11e6-bba6-80e65024849a.file,samples/zippedMalware/c934979075a448416282fb0493f7f49d,samples/zippedMalware/e08c7f14-dcda-11e6-a775-80e65024849a.file,samples/zippedMalware/880bb6bcc9e36bb6539d26aa70dec14f,samples/zippedMalware/644e0858ce1985b0b2c29af5188c6a4e,samples/zippedMalware/74fd003170c340d217435455e77209d2,samples/zippedMalware/6aa11563e7b16c6b016182ba28b720ec,samples/zippedMalware/9d3d3701d8ad34066fb9834a5e3705da,samples/zippedMalware/e43e8650f54d8a268afe35c7d5b63234,samples/zippedMalware/6ac26e87d1167671bfb74c404058c74f,samples/zippedMalware/7b58d08aa58784af13f9874cf5e8155e,samples/zippedMalware/f79f36d4fc9f975f1941bc722de90bb7,samples/zippedMalware/4a429ceb1533e8af80a831ced3ca457f,samples/zippedMalware/e7a311c6f3996448760ec5b3b1285a56,samples/zippedMalware/34515dff42dbeca62c7ddad00a879785,samples/zippedMalware/dd8a4c85cae6728228924532bc49304a,samples/zippedMalware/6c73d39433323b436948a361f29c8340,samples/zippedMalware/d1e8f4fa991b337e37221ff3c72838b3,samples/zippedMalware/b8e931159b4861935b46213bd742dd28,samples/zippedMalware/515129deae053d9a1d84a207b04b99b7,samples/zippedMalware/b1cb339ff1d3fbd3232bfbe4579c2665,samples/zippedMalware/e6204ab5-d84b-11e6-b428-80e65024849a.file,samples/zippedMalware/2c5c9c6070dec416cb71d6b3c001b8f0,samples/zippedMalware/5bb012e9693dd611de8b0cd1f7ac66a8,samples/zippedMalware/d12cb9613cd8dafad1ca75d5f93d5fec,samples/zippedMalware/b9405183b603a9e4e01c54ff3cccfc32,samples/zippedMalware/6cbefdb4fd7d916a925000dac2708b72,samples/zippedMalware/f4ae7a366237285c388921d107c56052,samples/zippedMalware/15c2b893a388a2808443e1ef3a390d1b,samples/zippedMalware/e15be96a41281a30a1f1b8924c48103d,samples/zippedMalware/46caaa908bf7d542303b872f65eac4c1,samples/zippedMalware/a5c9b7dbaced6edcaef9c9ee75305dd9,samples/zippedMalware/fe8cf66a50e16c4484d804d4d115f5eb,samples/zippedMalware/95470cc9ff2861c5455546444857de6e,samples/zippedMalware/a184507194df280881f8357c53ec2286,samples/zippedMalware/f8506459-d262-11e6-8ba3-80e65024849a.file,samples/zippedMalware/0cdebf9a9e4cee3dacdc96f8beeecee6,samples/zippedMalware/46778356f96cb96716be8bed638f0c27,samples/zippedMalware/e00ad72976d1d3b06f485516eac14a5b,samples/zippedMalware/7a35f7960be775cb3032f2c5931461d2,samples/zippedMalware/f886b641aaf424a4ce69c69a14ead9a9,samples/zippedMalware/3f497a33bb68139c3b8cf8cbf0d680c0,samples/zippedMalware/737d1a3a21adb4b50ecf7f16a8146c48,samples/zippedMalware/882415e641a7eab77bbf76e0f467773e,samples/zippedMalware/96c0070dec4f990ae00aa32c0145fb36,samples/zippedMalware/2deac78f979789adf20306a1d7171aaa,samples/zippedMalware/3847271dcfa2284f623e139dd3a99a33,samples/zippedMalware/be2ba17405ada2f43969d114f4ac445c,samples/zippedMalware/59105ddd73540e2a8b862a4d349a9767,samples/zippedMalware/02ab57fdc12528679ee75734cf1be1ad,samples/zippedMalware/976ba6a95ee9bf23f6cff18b94d08aad,samples/zippedMalware/1e0634a2309c00b0cafcf2362ebcb224,samples/zippedMalware/6e367064357a7cf4e1a3535fc9be7360,samples/zippedMalware/7829a0351c7f1f00a53494e480e7c1ef,samples/zippedMalware/9aa4f0d2720dec28bf658bec0bb605cd,samples/zippedMalware/106fe89e0cda0a2114b32b4f4232b3c3,samples/zippedMalware/c602e26824614adaae6b019d14d43c6a,samples/zippedMalware/f021ad6f27029c1ae0913ccc132dff15,samples/zippedMalware/cc08b64081d669d0c99d4ad670cb24b2,samples/zippedMalware/cbf0cce004d0e64397992d8eea513bc1,samples/zippedMalware/e9f1136b-dcda-11e6-a6b0-80e65024849a.file,samples/zippedMalware/21102ff7b220c13acbcbf830d9790392,samples/zippedMalware/f547880299036fe1fec5e754a5088c59,samples/zippedMalware/c801591301c0715fb96dc8ef708a1e8a,samples/zippedMalware/3961ade959125b0e3c864c346f433290,samples/zippedMalware/2c5aaeef9016496662fa91e14c70eb6d,samples/zippedMalware/b162c2ac601e36837bfc3dceff5708aa,samples/zippedMalware/02b06e2622736c90833053edb8c304ee,samples/zippedMalware/e2df92ebbc87d2d080de699f0842a402,samples/zippedMalware/6737574c9695053cd6795dcac95e10db,samples/zippedMalware/31fd3f3e54ca9c5c6fce153db1c375bb,samples/zippedMalware/8f019a41921370b540e7e87f27f80a5f,samples/zippedMalware/d01320b8eec19148a1b78ccc450e9010,samples/zippedMalware/f7f5b5bc3c6ed253a19384557bd97f90,samples/zippedMalware/c8df404d4814bfb76a4cd74272010ae3,samples/zippedMalware/504e88c2576d564a271d694c2014b3a5,samples/zippedMalware/4530167b9aaf54aa3a045ffee5fef5f5,samples/zippedMalware/85dd7f226b0b2566ca0cb635b6998afa,samples/zippedMalware/30950e30cc3436edf4dde52857eb4cb2,samples/zippedMalware/14dfbb8732c64c1364ebb332b5f25d72,samples/zippedMalware/33b7fbd6cd7cb98693813c40ee57581b,samples/zippedMalware/4cdf1c78a4d8c45765854b2360922f78,samples/zippedMalware/2710dbce04ded2eb1c1408491db83bcb,samples/zippedMalware/5294ed60bf943b6d07191a34cc6e9035,samples/zippedMalware/d7ccd4b3-db13-11e6-aaf8-80e65024849a.file,samples/zippedMalware/79adbf03369057cd34d34f0487da3efa,samples/zippedMalware/c1273f48a91be6cc2de93a6f72ff11f5,samples/zippedMalware/e46bbb38-d84b-11e6-9541-80e65024849a.file,samples/zippedMalware/b6d00a3c4e5f49892005383b839d4a56,samples/zippedMalware/e72f31d9-e60e-11e6-9ba9-80e65024849a.file,samples/zippedMalware/b5be8c2261e98d0b8e1744751e4ad09f,samples/zippedMalware/063b1f8eda0662167559f58337c61d03,samples/zippedMalware/d138eab01f7dca8b3f30d6bdcc471c4e,samples/zippedMalware/1853d667ed6de05abd0c6af4e6871ac5,samples/zippedMalware/7363b90849cca1457e8e252768f2f0d2,samples/zippedMalware/37d05ec59b614d81c6ca43fab06ec62a,samples/zippedMalware/a91654f23d47b34eb2d76216387b3f44,samples/zippedMalware/346c31d2b7322125a5112a00beff0032,samples/zippedMalware/f8150cc71c618b7f4db84a2275bbd7ee,samples/zippedMalware/b7ce02c44a222baebd3775f424a0e1ec,samples/zippedMalware/54a13fd685ae7d4e281ba1756d36c1d7,samples/zippedMalware/e160e5eb-dcda-11e6-a371-80e65024849a.file,samples/zippedMalware/698273e9397e754ef4646f5e487305a1,samples/zippedMalware/409ef2288553bdc6fed4c7bf6ca726cf,samples/zippedMalware/386a031540c2bac13e9cef0af583a481,samples/zippedMalware/c02cff8f-e60e-11e6-ba23-80e65024849a.file,samples/zippedMalware/f8af4631010120ada7c8e29ca2657ce0,samples/zippedMalware/ef902c9e-e60e-11e6-8fba-80e65024849a.file,samples/zippedMalware/41563c0bb924075396afba8201ee6961,samples/zippedMalware/d09e4151f4aa754789f4ab1e2d5d3297,samples/zippedMalware/3862324588ab63a2a9534cf872ed5797,samples/zippedMalware/91a37f7d13717ca39dd92eac81931ff9,samples/zippedMalware/a3e14a0aa6f80d6307aba0d85791f6db,samples/zippedMalware/cf3f07c1a608dfb65addf39bde1d5099,samples/zippedMalware/e6935651-e60e-11e6-a846-80e65024849a.file,samples/zippedMalware/349c37c274bf342c5996d81ea139f09f,samples/zippedMalware/ee41786e-d1f2-11e6-8599-80e65024849a.file,samples/zippedMalware/e56e1fb0-dcda-11e6-b8c8-80e65024849a.file,samples/zippedMalware/2cf049497bfe5c2384592c58b3ac0136,samples/zippedMalware/8b3b39d857745173d2f44d850001ebbc,samples/zippedMalware/e99f474a4ee9ac39f9bebd6c2d0b58e0,samples/zippedMalware/26cd8b7a25a015585ca5f08edf28f8b0,samples/zippedMalware/7e58a7d2e2f109d4612ddad6a83b501d,samples/zippedMalware/cd491d8faaad0924c97a132910ffd89c,samples/zippedMalware/62498aae3079033bad881c5d2b8da180,samples/zippedMalware/7fe061686e4d9a02e4a89c2066f9de41,samples/zippedMalware/2337b4eb2d426502c3bcc5fb10f8f5e9,samples/zippedMalware/8b9adecf301b2f079a3c6e1960b7adf9,samples/zippedMalware/145cf4c62c191189e29cc4ad63af692b,samples/zippedMalware/a7789eb3-dd50-11e6-8b18-80e65024849a.file,samples/zippedMalware/4bd4abef3abb8f896ceab039f1e728e9,samples/zippedMalware/a426e45c0b8fa899d7968be43bde3b52,samples/zippedMalware/0ee959cb512fc3bd6cadde7dd16d2418,samples/zippedMalware/687e457b4c3624cd5a0384c07a0c02b9,samples/zippedMalware/845d180c81e7a63e0bd165a9412ac005,samples/zippedMalware/a265f9fafacb24e2d7859eef6b9e645f,samples/zippedMalware/cd1d967ea834adb09e54c5a248d88b32,samples/zippedMalware/5b9f00763e0efaa00c893cc8cee60706,samples/zippedMalware/7dee7400c0ca5bb0c0ca2b2835947048,samples/zippedMalware/85262559-d521-11e6-a463-80e65024849a.file,samples/zippedMalware/7bb9e89f77d7113358134320de82476b,samples/zippedMalware/e26a24ad8f54903c78ed18c03cf21737,samples/zippedMalware/a7bdf963-d63e-11e6-945a-80e65024849a.file,samples/zippedMalware/5e7bddf1750f7510ec291cda26f2ac4a,samples/zippedMalware/ea459d3a-d1f2-11e6-8f01-80e65024849a.file,samples/zippedMalware/7d18ddc7e7811e7b832594ee3250cf7c,samples/zippedMalware/9b2b804cd204df17766faef7ec61574e,samples/zippedMalware/a8b633aaf1d5061a4ec8e6fc289e62b8,samples/zippedMalware/b73882fb059188a5784bff373f196f47,samples/zippedMalware/aa2bf2d0b0f0080bfcbb8d93793b11c5,samples/zippedMalware/affe8587b089b6137366bf27b8a1cfb4,samples/zippedMalware/fcd96b9070497134b64031a61c64dbdf,samples/zippedMalware/41f4810a3e7e7be0c5ae75a231ab45c3,samples/zippedMalware/652dccd320b9f1dadfba70c949425b00,samples/zippedMalware/8d6bac6ac9bb96bdb17e2f947a7e5d7c,samples/zippedMalware/0ce67d59f3a2a3b98f37a6964af47da3,samples/zippedMalware/0e2f2731b85c5371466ed04aba18127b,samples/zippedMalware/183f5a64a8c8d6f0ac114a3e647ea3fb,samples/zippedMalware/c9b36e4dafdec8a96c7da714caba1e06,samples/zippedMalware/bae3b07a-d63e-11e6-8360-80e65024849a.file,samples/zippedMalware/172ef981119454a4d6e50749b7fe5e31,samples/zippedMalware/f176680954d66b4ba3b423c678946c8d,samples/zippedMalware/0d8b8a1307479c5fc790573e4d3bb0c6,samples/zippedMalware/4521d6a1637f639d934a96e8906322d3,samples/zippedMalware/c68a09582c7898352a8b89a18c496afc,samples/zippedMalware/5a45ba446d26faaf24e09a482aed9c35,samples/zippedMalware/43afc85ead62483e76a71e45bd64c3e0,samples/zippedMalware/8b95789c1b276c8b205fadaa22f354be,samples/zippedMalware/b91b0f90a6697593f6b911a1f9fe4885,samples/zippedMalware/a5e2eba8b35335df65a9ea2f56c56fbe,samples/zippedMalware/c4dba0f33f298a79402aefdb58735842,samples/zippedMalware/cece4024e0e3764a748b9171c4c1d42c,samples/zippedMalware/8938dd74df0e610f8897829ca361bed1,samples/zippedMalware/5740328c-d84b-11e6-b93b-80e65024849a.file,samples/zippedMalware/b9d934bf4536375b084ae86cedbfb02b,samples/zippedMalware/1279f44a442a1923a71c8954cec6873c,samples/zippedMalware/032c71ca7e2f96af1b9732453ed452fd,samples/zippedMalware/3245cf32daeb11493a3560b01075ff35,samples/zippedMalware/5aaa3f6708c1b5d3309073028c32c024,samples/zippedMalware/7e8f798a34f3df9fc74873a66cf7b973,samples/zippedMalware/d827af7f090a488019622c87fcaa3dd3,samples/zippedMalware/fc99b04f-d262-11e6-96ee-80e65024849a.file,samples/zippedMalware/61f85589ca09d72f41288785ab277f21,samples/zippedMalware/b72396ccb988e711978f3bbfb848fd81,samples/zippedMalware/5f8034e5cd77a7abaacf3ce950956688,samples/zippedMalware/567e9bde95fcaa31e8d800afdb12937b,samples/zippedMalware/1f243b7142d83791d678cac2fd5aeb83,samples/zippedMalware/3615654af025f74140a561583ee9a7b6,samples/zippedMalware/ff161fcc-cf3a-11e6-9fc8-80e65024849a.file,samples/zippedMalware/02279f5c3004e83f1663d6f0e6415a9f,samples/zippedMalware/350f004e725d708100f30a9af9e69da4,samples/zippedMalware/7b14560e7ed892efed2e7ec4e9d37ee7,samples/zippedMalware/cf35b0d5b985fcb6484dddf12f0d9143,samples/zippedMalware/bd0544f40356de1f3abecdff232ff660,samples/zippedMalware/eb273d11-db13-11e6-a0d1-80e65024849a.file,samples/zippedMalware/fcf5e92353cda664fb91b0bbe6dd239e,samples/zippedMalware/2fdb28e8dec3396f986d8027bcd62e13,samples/zippedMalware/db53f71e8b9fcf8ee3c0bb1799769691,samples/zippedMalware/31858451ff79576d545e95901b36cf66,samples/zippedMalware/2468e6afd5a35c89be696eb01eed1fc3,samples/zippedMalware/23fc931b68914ace643c22da259990f0,samples/zippedMalware/985e7763b3e7e1543fc5b9c9b47ddd9e,samples/zippedMalware/50642871d625edf9306973ce9d9bb27e,samples/zippedMalware/fab792fa-dd4f-11e6-9187-80e65024849a.file,samples/zippedMalware/cfc454f3-dd4f-11e6-b4a1-80e65024849a.file,samples/zippedMalware/1f35c6c2500acea7254c37b3a5b30151
